<?xml version="1.0" encoding="UTF-8"?>
<results version="2">
    <cppcheck version="1.85"/>
    <errors>
        <error id="uselessAssignmentPtrArg" severity="warning" msg="Assignment of function parameter has no effect outside the function. Did you forget dereferencing it?" verbose="Assignment of function parameter has no effect outside the function. Did you forget dereferencing it?" sinceDate="3/30/2021">
            <location file="source\repos\QuestionableCode.cpp\QuestionableCode.cpp\QuestionableCode.cpp" line="109"/>
        </error>
        <error id="compareBoolExpressionWithInt" severity="warning" msg="Comparison of a boolean expression with an integer other than 0 or 1." verbose="Comparison of a boolean expression with an integer other than 0 or 1." sinceDate="3/30/2021">
            <location file="source\repos\QuestionableCode.cpp\QuestionableCode.cpp\QuestionableCode.cpp" line="129"/>
        </error>
        <error id="arrayIndexOutOfBoundsCond" severity="warning" msg="Either the condition &amp;#039;count==1000&amp;#039; is redundant or the array &amp;#039;buf[10]&amp;#039; is accessed at index 1000, which is out of bounds." verbose="Either the condition &amp;#039;count==1000&amp;#039; is redundant or the array &amp;#039;buf[10]&amp;#039; is accessed at index 1000, which is out of bounds." sinceDate="3/30/2021">
            <location file="source\repos\QuestionableCode.cpp\QuestionableCode.cpp\QuestionableCode.cpp" line="66" info="Array index out of bounds"/>
            <location file="source\repos\QuestionableCode.cpp\QuestionableCode.cpp\QuestionableCode.cpp" line="65" info="Assuming that condition &amp;#039;count==1000&amp;#039; is not redundant"/>
        </error>
        <error id="variableScope" severity="style" msg="The scope of the variable &amp;#039;buf&amp;#039; can be reduced." verbose="The scope of the variable &amp;#039;buf&amp;#039; can be reduced. Warning: Be careful when fixing this message, especially when there are inner loops. Here is an example where cppcheck will write that the scope for &amp;#039;i&amp;#039; can be reduced:\012void f(int x)\012{\012    int i = 0;\012    if (x) {\012        // it&amp;#039;s safe to move &amp;#039;int i = 0;&amp;#039; here\012        for (int n = 0; n &amp;lt; 10; ++n) {\012            // it is possible but not safe to move &amp;#039;int i = 0;&amp;#039; here\012            do_something(&amp;amp;i);\012        }\012    }\012}\012When you see this message it is always safe to reduce the variable scope 1 level." sinceDate="3/30/2021">
            <location file="source\repos\QuestionableCode.cpp\QuestionableCode.cpp\QuestionableCode.cpp" line="64"/>
        </error>
        <error id="unreadVariable" severity="style" msg="Variable &amp;#039;buf&amp;#039; is assigned a value that is never used." verbose="Variable &amp;#039;buf&amp;#039; is assigned a value that is never used." sinceDate="3/30/2021">
            <location file="source\repos\QuestionableCode.cpp\QuestionableCode.cpp\QuestionableCode.cpp" line="66"/>
        </error>
        <error id="unreadVariable" severity="style" msg="Variable &amp;#039;counts&amp;#039; is assigned a value that is never used." verbose="Variable &amp;#039;counts&amp;#039; is assigned a value that is never used." sinceDate="3/30/2021">
            <location file="source\repos\QuestionableCode.cpp\QuestionableCode.cpp\QuestionableCode.cpp" line="116"/>
        </error>
        <error id="unreadVariable" severity="style" msg="Variable &amp;#039;x&amp;#039; is assigned a value that is never used." verbose="Variable &amp;#039;x&amp;#039; is assigned a value that is never used." sinceDate="3/30/2021">
            <location file="source\repos\QuestionableCode.cpp\QuestionableCode.cpp\QuestionableCode.cpp" line="117"/>
        </error>
        <error id="unreadVariable" severity="style" msg="Variable &amp;#039;y&amp;#039; is assigned a value that is never used." verbose="Variable &amp;#039;y&amp;#039; is assigned a value that is never used." sinceDate="3/30/2021">
            <location file="source\repos\QuestionableCode.cpp\QuestionableCode.cpp\QuestionableCode.cpp" line="118"/>
        </error>
        <error id="assignmentInAssert" severity="warning" msg="Assert statement modifies &amp;#039;z&amp;#039;." verbose="Variable &amp;#039;z&amp;#039; is modified insert assert statement. Assert statements are removed from release builds so the code inside assert statement is not executed. If the code is needed also in release builds, this is a bug." sinceDate="3/30/2021">
            <location file="source\repos\QuestionableCode.cpp\QuestionableCode.cpp\QuestionableCode.cpp" line="127"/>
        </error>
        <error id="assertWithSideEffect" severity="warning" msg="Assert statement calls a function which may have desired side effects: &amp;#039;my_function&amp;#039;." verbose="Non-pure function: &amp;#039;my_function&amp;#039; is called inside assert statement. Assert statements are removed from release builds so the code inside assert statement is not executed. If the code is needed also in release builds, this is a bug." sinceDate="3/30/2021">
            <location file="source\repos\QuestionableCode.cpp\QuestionableCode.cpp\QuestionableCode.cpp" line="129"/>
        </error>
        <error id="autoVariables" severity="error" msg="Address of local auto-variable assigned to a function parameter." verbose="Dangerous assignment - the function parameter is assigned the address of a local auto-variable. Local auto-variables are reserved from the stack which is freed when the function ends. So the pointer to a local variable is invalid after the function ends." sinceDate="3/30/2021">
            <location file="source\repos\QuestionableCode.cpp\QuestionableCode.cpp\QuestionableCode.cpp" line="59"/>
        </error>
        <error id="uninitMemberVarPrivate" severity="warning" msg="Member variable &amp;#039;A::x&amp;#039; is not initialized in the constructor." verbose="Member variable &amp;#039;A::x&amp;#039; is not initialized in the constructor." sinceDate="3/30/2021">
            <location file="source\repos\QuestionableCode.cpp\QuestionableCode.cpp\QuestionableCode.cpp" line="42"/>
        </error>
        <error id="throwInNoexceptFunction" severity="error" msg="Exception thrown in function declared not to throw exceptions." verbose="Exception thrown in function declared not to throw exceptions." sinceDate="3/30/2021">
            <location file="source\repos\QuestionableCode.cpp\QuestionableCode.cpp\QuestionableCode.cpp" line="52"/>
        </error>
        <error id="eraseDereference" severity="error" msg="Iterator &amp;#039;iter&amp;#039; used after element has been erased." verbose="The iterator &amp;#039;iter&amp;#039; is invalid after the element it pointed to has been erased. Dereferencing or comparing it with another iterator is invalid operation." sinceDate="3/30/2021">
            <location file="source\repos\QuestionableCode.cpp\QuestionableCode.cpp\QuestionableCode.cpp" line="87" info=""/>
            <location file="source\repos\QuestionableCode.cpp\QuestionableCode.cpp\QuestionableCode.cpp" line="89" info=""/>
        </error>
    </errors>
</results>
